Name,Age,Score
Alice,25.0,85.0
Bob,33.333333333333336,90.0
Charlie,35.0,89.0
David,40.0,88.0
Eva,33.333333333333336,92.0
